benchmark,version,queries,changed_cells,hit_mismatch,relevant_mismatch,raw_ndcg_mismatch,old_mrr,new_mrr,delta_mrr,old_ndcg,new_ndcg,delta_ndcg
Cloudbench,ablation_cap_only,115,435,0,0,0,0.412931,0.062661,-0.350270,0.535074,0.099128,-0.435946
Cloudbench,ablation_img_only,115,429,0,0,0,0.274034,0.059669,-0.214365,0.483532,0.064019,-0.419513
Cloudbench,ablation_vec_only,115,426,0,0,0,0.324439,0.042269,-0.282170,0.489526,0.079910,-0.409616
Cloudbench,baseline,115,439,0,0,0,0.299384,0.021332,-0.278052,0.490666,0.040878,-0.449787
Cloudbench,v10,115,443,0,0,0,0.422418,0.029579,-0.392839,0.531803,0.066930,-0.464873
Cloudbench,v11,115,432,0,0,0,0.338866,0.041493,-0.297373,0.498933,0.091593,-0.407340
Cloudbench,v12,115,433,0,0,0,0.419258,0.046615,-0.372643,0.546148,0.093494,-0.452654
Cloudbench,v13,115,420,0,0,0,0.356502,0.057632,-0.298870,0.520341,0.103058,-0.417283
Cloudbench,v14,115,430,0,0,0,0.318207,0.045178,-0.273029,0.504974,0.074438,-0.430535
Cloudbench,v15,115,427,0,0,0,0.364005,0.065570,-0.298435,0.523383,0.105275,-0.418108
Cloudbench,v16,115,434,0,0,0,0.345399,0.055412,-0.289987,0.509417,0.095333,-0.414083
Cloudbench,v16/v16_qa04_ca05,115,427,0,0,0,0.364367,0.065570,-0.298797,0.523388,0.105246,-0.418142
Cloudbench,v16/v16_qa04_ca085,115,427,0,0,0,0.364212,0.065570,-0.298642,0.523399,0.105246,-0.418153
Cloudbench,v16/v16_qa05_ca07,115,427,0,0,0,0.364367,0.065570,-0.298797,0.523466,0.105275,-0.418191
Cloudbench,v16/v16_qa065_ca07,115,434,0,0,0,0.345399,0.055412,-0.289987,0.509417,0.095333,-0.414083
Cloudbench,v16/v16_qa06_ca07,115,434,0,0,0,0.345399,0.055412,-0.289987,0.509326,0.095333,-0.413993
Cloudbench,v16/v16_qa06_ca085,115,434,0,0,0,0.345399,0.055412,-0.289987,0.509355,0.095333,-0.414022
Cloudbench,v16/v16_qa07_ca07,115,433,0,0,0,0.292835,0.062419,-0.230416,0.464867,0.088724,-0.376143
Commonobjectsbench,ablation_cap_only,291,653,0,0,0,0.283007,0.174924,-0.108082,0.387466,0.237996,-0.149470
Commonobjectsbench,ablation_img_only,291,745,0,0,0,0.427027,0.265653,-0.161374,0.448614,0.227345,-0.221270
Commonobjectsbench,ablation_vec_only,291,759,0,0,0,0.367587,0.200356,-0.167232,0.480570,0.297161,-0.183408
Commonobjectsbench,baseline,291,803,0,0,0,0.321028,0.164983,-0.156045,0.414032,0.164603,-0.249429
Commonobjectsbench,v10,291,771,0,0,0,0.371695,0.178307,-0.193388,0.472282,0.266344,-0.205938
Commonobjectsbench,v11,291,757,0,0,0,0.386467,0.220065,-0.166402,0.482308,0.304077,-0.178231
Commonobjectsbench,v12,291,787,0,0,0,0.315110,0.165180,-0.149930,0.451942,0.261192,-0.190750
Commonobjectsbench,v13,291,846,0,0,0,0.384154,0.216666,-0.167487,0.477689,0.267074,-0.210615
Commonobjectsbench,v14,291,808,0,0,0,0.409236,0.247473,-0.161763,0.501810,0.309695,-0.192115
Commonobjectsbench,v15,291,834,0,0,0,0.412663,0.228579,-0.184083,0.491875,0.276778,-0.215097
Commonobjectsbench,v16,291,772,0,0,0,0.447061,0.259268,-0.187793,0.513947,0.320486,-0.193461
Commonobjectsbench,v16/v16_qa04_ca05,291,834,0,0,0,0.414129,0.229841,-0.184288,0.491860,0.276788,-0.215072
Commonobjectsbench,v16/v16_qa04_ca085,291,835,0,0,0,0.410044,0.225799,-0.184245,0.491973,0.276788,-0.215185
Commonobjectsbench,v16/v16_qa05_ca07,291,834,0,0,0,0.414129,0.229841,-0.184288,0.491858,0.276788,-0.215069
Commonobjectsbench,v16/v16_qa065_ca07,291,772,0,0,0,0.447061,0.259268,-0.187793,0.513947,0.320486,-0.193461
Commonobjectsbench,v16/v16_qa06_ca07,291,770,0,0,0,0.445880,0.258416,-0.187464,0.514229,0.320935,-0.193294
Commonobjectsbench,v16/v16_qa06_ca085,291,779,0,0,0,0.444818,0.257782,-0.187035,0.512588,0.318882,-0.193706
Commonobjectsbench,v16/v16_qa07_ca07,291,747,0,0,0,0.429843,0.271956,-0.157886,0.517933,0.353846,-0.164088
Firebench,ablation_cap_only,100,370,0,0,0,0.660476,0.135318,-0.525158,0.766737,0.227758,-0.538979
Firebench,ablation_img_only,100,359,0,0,0,0.733111,0.203424,-0.529687,0.805750,0.288897,-0.516853
Firebench,ablation_vec_only,100,351,0,0,0,0.557837,0.190846,-0.366992,0.722610,0.282582,-0.440028
Firebench,baseline,100,368,0,0,0,0.662626,0.170756,-0.491870,0.816923,0.265473,-0.551450
Firebench,v10,100,373,0,0,0,0.772500,0.172188,-0.600312,0.795446,0.249263,-0.546183
Firebench,v11,100,365,0,0,0,0.609762,0.181919,-0.427843,0.754251,0.271619,-0.482632
Firebench,v12,100,355,0,0,0,0.365920,0.132046,-0.233874,0.667371,0.248102,-0.419269
Firebench,v13,100,356,0,0,0,0.838409,0.299670,-0.538739,0.851244,0.389085,-0.462159
Firebench,v14,100,369,0,0,0,0.758111,0.213233,-0.544878,0.818869,0.295797,-0.523071
Firebench,v15,100,366,0,0,0,0.701262,0.207745,-0.493517,0.792954,0.288703,-0.504252
Firebench,v16,100,366,0,0,0,0.725833,0.211571,-0.514263,0.801693,0.309803,-0.491889
Firebench,v16/v16_qa04_ca05,100,366,0,0,0,0.701262,0.207745,-0.493517,0.792905,0.288675,-0.504231
Firebench,v16/v16_qa04_ca085,100,365,0,0,0,0.696262,0.212745,-0.483517,0.792931,0.288675,-0.504256
Firebench,v16/v16_qa05_ca07,100,366,0,0,0,0.701262,0.207745,-0.493517,0.792901,0.288675,-0.504227
Firebench,v16/v16_qa065_ca07,100,366,0,0,0,0.725833,0.211571,-0.514263,0.801693,0.309803,-0.491889
Firebench,v16/v16_qa06_ca07,100,366,0,0,0,0.725833,0.211848,-0.513985,0.802070,0.310083,-0.491987
Firebench,v16/v16_qa06_ca085,100,366,0,0,0,0.725833,0.211848,-0.513985,0.802170,0.310280,-0.491890
Firebench,v16/v16_qa07_ca07,100,362,0,0,0,0.764623,0.204601,-0.560022,0.804102,0.305106,-0.498996
INQUIRE,ablation_cap_only,160,318,0,0,0,0.599547,0.558182,-0.041364,0.672257,0.618437,-0.053820
INQUIRE,ablation_img_only,160,120,0,0,0,0.583886,0.567897,-0.015988,0.567077,0.554683,-0.012394
INQUIRE,ablation_vec_only,160,119,0,0,0,0.621321,0.611388,-0.009933,0.674289,0.662653,-0.011635
INQUIRE,baseline,160,275,0,0,0,0.449432,0.406944,-0.042487,0.556234,0.495744,-0.060491
INQUIRE,v01,160,242,0,0,0,,,,0.605981,0.514625,-0.091356
INQUIRE,v02,160,285,0,0,0,,,,0.612232,0.507763,-0.104469
INQUIRE,v03,160,290,0,0,0,,,,0.599143,0.492772,-0.106370
INQUIRE,v04,160,262,0,0,0,,,,0.612329,0.546217,-0.066112
INQUIRE,v05,160,188,0,0,0,,,,0.652347,0.590350,-0.061997
INQUIRE,v06,160,162,0,0,0,,,,0.658359,0.626334,-0.032025
INQUIRE,v07,160,210,0,0,0,,,,0.641996,0.595078,-0.046918
INQUIRE,v08,160,192,0,0,0,,,,0.642217,0.607852,-0.034365
INQUIRE,v09,160,174,0,0,0,,,,0.648947,0.621007,-0.027940
INQUIRE,v10,160,249,0,0,0,0.591846,0.567991,-0.023855,0.642270,0.608728,-0.033542
INQUIRE,v11,160,223,0,0,0,0.613772,0.588599,-0.025173,0.655968,0.626744,-0.029224
INQUIRE,v12,160,248,0,0,0,0.593178,0.557402,-0.035776,0.661800,0.622825,-0.038974
INQUIRE,v13,160,361,0,0,0,0.683033,0.657840,-0.025193,0.694929,0.661292,-0.033637
INQUIRE,v14,160,354,0,0,0,0.636381,0.619200,-0.017182,0.680001,0.649585,-0.030416
INQUIRE,v15,160,354,0,0,0,0.631580,0.599319,-0.032261,0.682703,0.638610,-0.044093
INQUIRE,v16,160,295,0,0,0,0.664219,0.645660,-0.018559,0.702511,0.687797,-0.014713
INQUIRE,v16/v16_qa04_ca05,160,357,0,0,0,0.631580,0.599319,-0.032261,0.682631,0.638489,-0.044141
INQUIRE,v16/v16_qa04_ca085,160,354,0,0,0,0.631580,0.599319,-0.032261,0.682720,0.638627,-0.044093
INQUIRE,v16/v16_qa05_ca07,160,354,0,0,0,0.631580,0.599319,-0.032261,0.682719,0.638627,-0.044092
INQUIRE,v16/v16_qa065_ca07,160,295,0,0,0,0.664219,0.645660,-0.018559,0.702511,0.687797,-0.014713
INQUIRE,v16/v16_qa06_ca07,160,303,0,0,0,0.655957,0.637056,-0.018901,0.699252,0.681879,-0.017373
INQUIRE,v16/v16_qa06_ca085,160,300,0,0,0,0.660481,0.641059,-0.019421,0.700208,0.682233,-0.017975
INQUIRE,v16/v16_qa07_ca07,160,149,0,0,0,0.634741,0.617794,-0.016947,0.688555,0.681288,-0.007268
Sagebench,ablation_cap_only,120,251,0,0,0,0.252396,0.153490,-0.098906,0.351846,0.246744,-0.105102
Sagebench,ablation_img_only,120,311,0,0,0,0.279122,0.156857,-0.122265,0.364439,0.184419,-0.180019
Sagebench,ablation_vec_only,120,289,0,0,0,0.257047,0.132251,-0.124796,0.376664,0.211588,-0.165076
Sagebench,baseline,120,324,0,0,0,0.238490,0.085341,-0.153149,0.330591,0.113845,-0.216747
Sagebench,v10,120,279,0,0,0,0.200689,0.100567,-0.100121,0.348214,0.188671,-0.159542
Sagebench,v11,120,272,0,0,0,0.200057,0.112226,-0.087831,0.351385,0.220402,-0.130983
Sagebench,v12,120,209,0,0,0,0.188242,0.121780,-0.066462,0.311621,0.211107,-0.100514
Sagebench,v13,120,260,0,0,0,0.269078,0.206849,-0.062229,0.393535,0.295654,-0.097881
Sagebench,v14,120,288,0,0,0,0.250349,0.193118,-0.057231,0.394839,0.294864,-0.099975
Sagebench,v15,120,266,0,0,0,0.319563,0.229657,-0.089907,0.443090,0.321936,-0.121155
Sagebench,v16,120,246,0,0,0,0.293628,0.203208,-0.090420,0.414903,0.313149,-0.101754
Sagebench,v16/v16_qa04_ca05,120,266,0,0,0,0.324424,0.234518,-0.089907,0.443383,0.322197,-0.121186
Sagebench,v16/v16_qa04_ca085,120,266,0,0,0,0.318869,0.228962,-0.089907,0.443682,0.322500,-0.121182
Sagebench,v16/v16_qa05_ca07,120,266,0,0,0,0.324487,0.234581,-0.089907,0.443720,0.322541,-0.121179
Sagebench,v16/v16_qa065_ca07,120,246,0,0,0,0.293628,0.203208,-0.090420,0.414903,0.313149,-0.101754
Sagebench,v16/v16_qa06_ca07,120,241,0,0,0,0.297023,0.220456,-0.076567,0.414931,0.323071,-0.091861
Sagebench,v16/v16_qa06_ca085,120,241,0,0,0,0.296606,0.220040,-0.076567,0.414996,0.322994,-0.092002
Sagebench,v16/v16_qa07_ca07,120,306,0,0,0,0.292412,0.172552,-0.119860,0.411511,0.265828,-0.145683
